Name,Region,Resource ID,Resource Type,Tag Key,Tag Value
us-east-1a,us-east-1,use1-az1,AvailabilityZone
us-east-1b,us-east-1,use1-az2,AvailabilityZone
us-east-1c,us-east-1,use1-az4,AvailabilityZone
us-east-1d,us-east-1,use1-az6,AvailabilityZone
us-east-1e,us-east-1,use1-az3,AvailabilityZone
us-east-1f,us-east-1,use1-az5,AvailabilityZone
us-east-1-atl-2a,us-east-1,use1-atl2-az1,AvailabilityZone
us-east-1-bos-1a,us-east-1,use1-bos1-az1,AvailabilityZone
us-east-1-bue-1a,us-east-1,use1-bue1-az1,AvailabilityZone
us-east-1-chi-2a,us-east-1,use1-chi2-az1,AvailabilityZone
us-east-1-dfw-2a,us-east-1,use1-dfw2-az1,AvailabilityZone
us-east-1-foe-wlz-1a,us-east-1,use1-foe1-wlz1,AvailabilityZone
us-east-1-iah-2a,us-east-1,use1-iah2-az1,AvailabilityZone
us-east-1-lim-1a,us-east-1,use1-lim1-az1,AvailabilityZone
us-east-1-mci-1a,us-east-1,use1-mci1-az1,AvailabilityZone
us-east-1-mia-2a,us-east-1,use1-mia2-az1,AvailabilityZone
us-east-1-msp-1a,us-east-1,use1-msp1-az1,AvailabilityZone
us-east-1-nyc-2a,us-east-1,use1-nyc2-az1,AvailabilityZone
us-east-1-phl-1a,us-east-1,use1-phl1-az1,AvailabilityZone
us-east-1-scl-1a,us-east-1,use1-scl1-az1,AvailabilityZone
us-east-1-wl1-atl-wlz-1,us-east-1,use1-wl1-atl-wlz1,AvailabilityZone
us-east-1-wl1-bna-wlz-1,us-east-1,use1-wl1-bna-wlz1,AvailabilityZone
us-east-1-wl1-bos-wlz-1,us-east-1,use1-wl1-bos-wlz1,AvailabilityZone
us-east-1-wl1-chi-wlz-1,us-east-1,use1-wl1-chi-wlz1,AvailabilityZone
us-east-1-wl1-clt-wlz-1,us-east-1,use1-wl1-clt-wlz1,AvailabilityZone
us-east-1-wl1-dfw-wlz-1,us-east-1,use1-wl1-dfw-wlz1,AvailabilityZone
us-east-1-wl1-dtw-wlz-1,us-east-1,use1-wl1-dtw-wlz1,AvailabilityZone
us-east-1-wl1-iah-wlz-1,us-east-1,use1-wl1-iah-wlz1,AvailabilityZone
us-east-1-wl1-mia-wlz-1,us-east-1,use1-wl1-mia-wlz1,AvailabilityZone
us-east-1-wl1-msp-wlz-1,us-east-1,use1-wl1-msp-wlz1,AvailabilityZone
us-east-1-wl1-nyc-wlz-1,us-east-1,use1-wl1-nyc-wlz1,AvailabilityZone
us-east-1-wl1-tpa-wlz-1,us-east-1,use1-wl1-tpa-wlz1,AvailabilityZone
us-east-1-wl1-was-wlz-1,us-east-1,use1-wl1-was-wlz1,AvailabilityZone
TakeoutBastion,us-east-1,i-0872a7685cd743d05,Instance,Name,TakeoutBastion
openclaw-gateway,us-east-1,i-0e2381802de59f0e6,Instance,Name,openclaw-gateway
us-east-2a,us-east-2,use2-az1,AvailabilityZone,,
us-east-2b,us-east-2,use2-az2,AvailabilityZone,,
us-east-2c,us-east-2,use2-az3,AvailabilityZone,,
ca-central-1a,ca-central-1,cac1-az1,AvailabilityZone,,
ca-central-1b,ca-central-1,cac1-az2,AvailabilityZone,,
ca-central-1d,ca-central-1,cac1-az4,AvailabilityZone,,
ca-central-1-wl1-yto-wlz-1,ca-central-1,cac1-wl1-yto-wlz1,AvailabilityZone,,
us-west-1a,us-west-1,usw1-az1,AvailabilityZone,,
us-west-1c,us-west-1,usw1-az3,AvailabilityZone,,
eu-west-3a,eu-west-3,euw3-az1,AvailabilityZone,,
eu-west-3b,eu-west-3,euw3-az2,AvailabilityZone,,
eu-west-3c,eu-west-3,euw3-az3,AvailabilityZone,,
eu-west-3-cmn-wlz-1a,eu-west-3,euw3-cmn1-wlz1,AvailabilityZone,,
eu-west-3-dss-wlz-1a,eu-west-3,euw3-dss1-wlz1,AvailabilityZone,,
us-west-2a,us-west-2,usw2-az2,AvailabilityZone,,
us-west-2b,us-west-2,usw2-az1,AvailabilityZone,,
us-west-2c,us-west-2,usw2-az3,AvailabilityZone,,
us-west-2d,us-west-2,usw2-az4,AvailabilityZone,,
us-west-2-den-1a,us-west-2,usw2-den1-az1,AvailabilityZone,,
us-west-2-hnl-1a,us-west-2,usw2-hnl1-az1,AvailabilityZone,,
us-west-2-las-1a,us-west-2,usw2-las1-az1,AvailabilityZone,,
us-west-2-lax-1a,us-west-2,usw2-lax1-az1,AvailabilityZone,,
us-west-2-lax-1b,us-west-2,usw2-lax1-az2,AvailabilityZone,,
us-west-2-phx-2a,us-west-2,usw2-phx2-az1,AvailabilityZone,,
us-west-2-sea-1a,us-west-2,usw2-sea1-az1,AvailabilityZone,,
us-west-2-wl1-den-wlz-1,us-west-2,usw2-wl1-den-wlz1,AvailabilityZone,,
us-west-2-wl1-las-wlz-1,us-west-2,usw2-wl1-las-wlz1,AvailabilityZone,,
us-west-2-wl1-lax-wlz-1,us-west-2,usw2-wl1-lax-wlz1,AvailabilityZone,,
us-west-2-wl1-phx-wlz-1,us-west-2,usw2-wl1-phx-wlz1,AvailabilityZone,,
us-west-2-wl1-sea-wlz-1,us-west-2,usw2-wl1-sea-wlz1,AvailabilityZone,,
us-west-2-wl1-sfo-wlz-1,us-west-2,usw2-wl1-sfo-wlz1,AvailabilityZone,,
eu-central-1a,eu-central-1,euc1-az2,AvailabilityZone,,
eu-central-1b,eu-central-1,euc1-az3,AvailabilityZone,,
eu-central-1c,eu-central-1,euc1-az1,AvailabilityZone,,
eu-central-1-ham-1a,eu-central-1,euc1-ham1-az1,AvailabilityZone,,
eu-central-1-waw-1a,eu-central-1,euc1-waw1-az1,AvailabilityZone,,
eu-west-2a,eu-west-2,euw2-az2,AvailabilityZone,,
eu-west-2b,eu-west-2,euw2-az3,AvailabilityZone,,
eu-west-2c,eu-west-2,euw2-az1,AvailabilityZone,,
eu-west-2-wl2-man-wlz-1,eu-west-2,euw2-wl2-man-wlz1,AvailabilityZone,,
sa-east-1a,sa-east-1,sae1-az1,AvailabilityZone,,
sa-east-1b,sa-east-1,sae1-az2,AvailabilityZone,,
sa-east-1c,sa-east-1,sae1-az3,AvailabilityZone,,
eu-north-1a,eu-north-1,eun1-az1,AvailabilityZone,,
eu-north-1b,eu-north-1,eun1-az2,AvailabilityZone,,
eu-north-1c,eu-north-1,eun1-az3,AvailabilityZone,,
eu-north-1-cph-1a,eu-north-1,eun1-cph1-az1,AvailabilityZone,,
eu-north-1-hel-1a,eu-north-1,eun1-hel1-az1,AvailabilityZone,,
–,us-east-1,sg-0d08370bc82ee36b9,SecurityGroup,,
–,us-east-1,sg-005230b3d8eb9eb46,SecurityGroup,,
–,us-east-1,sg-0c472a762eb0e027e,SecurityGroup,,
–,us-east-1,sg-0458b5d5a61c7bd57,SecurityGroup,,
ap-northeast-1a,ap-northeast-1,apne1-az4,AvailabilityZone,,
ap-northeast-1c,ap-northeast-1,apne1-az1,AvailabilityZone,,
ap-northeast-1d,ap-northeast-1,apne1-az2,AvailabilityZone,,
ap-northeast-1-wl1-kix-wlz-1,ap-northeast-1,apne1-wl1-kix-wlz1,AvailabilityZone,,
ap-northeast-1-wl1-nrt-wlz-1,ap-northeast-1,apne1-wl1-nrt-wlz1,AvailabilityZone,,
–,us-east-2,sg-04427af22b70eab35,SecurityGroup,,
ap-northeast-3a,ap-northeast-3,apne3-az3,AvailabilityZone,,
ap-northeast-3b,ap-northeast-3,apne3-az1,AvailabilityZone,,
ap-northeast-3c,ap-northeast-3,apne3-az2,AvailabilityZone,,
ap-northeast-2a,ap-northeast-2,apne2-az1,AvailabilityZone,,
ap-northeast-2b,ap-northeast-2,apne2-az2,AvailabilityZone,,
ap-northeast-2c,ap-northeast-2,apne2-az3,AvailabilityZone,,
ap-northeast-2d,ap-northeast-2,apne2-az4,AvailabilityZone,,
–,us-east-1,subnet-0fa4190383114bd10,Subnet,,
–,us-east-1,subnet-004735317251be152,Subnet,,
–,us-east-1,subnet-0b05cce8108b47a51,Subnet,,
–,us-east-1,subnet-089727ef04f9207fd,Subnet,,
–,us-east-1,subnet-001a9879bf093593e,Subnet,,
–,us-east-1,subnet-03be316336d4aa0d9,Subnet,,
–,ca-central-1,subnet-0d1e07069533fb193,Subnet,,
–,ca-central-1,subnet-0b60d1f5cfd394eac,Subnet,,
–,ca-central-1,subnet-0ef7c82d0eb041eb7,Subnet,,
–,us-west-1,subnet-03ecbeb3b488d2645,Subnet,,
–,us-east-2,subnet-02b93cd706c765846,Subnet,,
–,us-east-2,subnet-0d3f7cf181d416358,Subnet,,
–,us-east-2,subnet-048653b2b82105f37,Subnet,,
eu-west-1a,eu-west-1,euw1-az2,AvailabilityZone,,
eu-west-1b,eu-west-1,euw1-az3,AvailabilityZone,,
eu-west-1c,eu-west-1,euw1-az1,AvailabilityZone,,
ap-southeast-2a,ap-southeast-2,apse2-az1,AvailabilityZone,,
ap-southeast-2b,ap-southeast-2,apse2-az3,AvailabilityZone,,
ap-southeast-2c,ap-southeast-2,apse2-az2,AvailabilityZone,,
ap-southeast-2-per-1a,ap-southeast-2,apse2-per1-az1,AvailabilityZone,,
–,ca-central-1,sg-07e2259a540240eec,SecurityGroup,,
ap-south-1a,ap-south-1,aps1-az1,AvailabilityZone,,
ap-south-1b,ap-south-1,aps1-az3,AvailabilityZone,,
ap-south-1c,ap-south-1,aps1-az2,AvailabilityZone,,
ap-south-1-ccu-1a,ap-south-1,aps1-ccu1-az1,AvailabilityZone,,
ap-south-1-del-1a,ap-south-1,aps1-del1-az1,AvailabilityZone,,
ap-southeast-1a,ap-southeast-1,apse1-az2,AvailabilityZone,,
ap-southeast-1b,ap-southeast-1,apse1-az1,AvailabilityZone,,
ap-southeast-1c,ap-southeast-1,apse1-az3,AvailabilityZone,,
ap-southeast-1-mnl-1a,ap-southeast-1,apse1-mnl1-az1,AvailabilityZone,,
–,eu-west-2,subnet-0dbfe38e115a39dc4,Subnet,,
–,eu-west-2,subnet-07aab4d0390b8164d,Subnet,,
–,eu-west-2,subnet-014c2865594238e6a,Subnet,,
–,us-west-2,subnet-005bac2286d0fcccf,Subnet,,
–,us-west-2,subnet-0ac8c8da548868674,Subnet,,
–,us-west-2,subnet-005b9fa659d2bb751,Subnet,,
–,us-west-2,subnet-0aa50e06c1e0dc160,Subnet,,
–,us-west-2,vpc-02cb6d7f27dcb80d3,Vpc,,
–,eu-central-1,sg-0d05436a2554c0fb4,SecurityGroup,,
–,ca-central-1,vpc-0a4495961ac28898b,Vpc,,
–,us-east-1,vol-045d7104275c629c3,Volume,,
–,us-east-1,vol-01b27ea0e0f1a073c,Volume,,
–,us-east-1,vpc-0c4e4b2441844e885,Vpc,,
–,eu-west-2,sg-09523371258bf2718,SecurityGroup,,
–,ap-northeast-3,sg-0c88c6aee7e5c0333,SecurityGroup,,
–,eu-west-1,subnet-0412c8e597e23e79b,Subnet,,
–,eu-west-1,subnet-08ef4b6edbb096a76,Subnet,,
–,eu-west-1,subnet-06a436f59989ce3a8,Subnet,,
–,us-west-1,vpc-03b24ff483fcc3c60,Vpc,,
–,eu-central-1,vpc-0c0b5213e5fec7a4b,Vpc,,
–,us-east-2,vpc-0bff604e77322d408,Vpc,,
–,eu-west-3,subnet-0e5b054902ee51d83,Subnet,,
–,eu-west-3,subnet-0158eb8d2169738f5,Subnet,,
–,eu-west-3,subnet-0a853ff014cb250bb,Subnet,,
–,ca-central-1,rtb-0c845af6aa3efbce6,RouteTable,,
–,eu-central-1,subnet-0a4e17c4e6e70611c,Subnet,,
–,eu-central-1,subnet-04df0fab28f0a81a9,Subnet,,
–,eu-central-1,subnet-04dd6017c9eea0c2f,Subnet,,
–,eu-north-1,subnet-01b5f4ee62860a41a,Subnet,,
–,eu-north-1,subnet-0bf2ea1202cee3775,Subnet,,
–,eu-north-1,subnet-084246e1d380c5b1a,Subnet,,
–,eu-north-1,sg-08502fd8be536d6ba,SecurityGroup,,
–,us-west-1,rtb-00e11922dc78b57ac,RouteTable,,
–,us-west-2,rtb-017bf4ba9dff686a2,RouteTable,,
–,us-east-1,rtb-09b5f828bee62fe9b,RouteTable,,
–,eu-central-1,rtb-0848b75c86d52a926,RouteTable,,
–,eu-west-3,rtb-004168ddc50a4dc29,RouteTable,,
–,eu-west-2,rtb-0ace18e3e0e595c8f,RouteTable,,
–,eu-north-1,rtb-02982a2b735abb2bc,RouteTable,,
–,us-east-2,rtb-09eb451788371458d,RouteTable,,
–,eu-west-1,rtb-068a71a0a46683dce,RouteTable,,
–,ap-northeast-3,subnet-0bfa052be7995efbe,Subnet,,
–,ap-northeast-3,subnet-07ddc170d0fa94c99,Subnet,,
–,ap-northeast-3,subnet-0155db0e2bf937f0f,Subnet,,
–,eu-west-2,vpc-0b453b2f821aa712c,Vpc,,
–,eu-west-1,vpc-0118e1135447de9d5,Vpc,,
–,ap-south-1,rtb-00b50dd84a35ba9f6,RouteTable,,
–,eu-north-1,vpc-0371011c9c10d0bea,Vpc,,
–,us-west-2,sg-07f945e03f425e227,SecurityGroup,,
–,eu-west-3,sg-032f2204a9af24818,SecurityGroup,,
–,ap-northeast-3,rtb-0c368193e65db9b5b,RouteTable,,
–,eu-west-1,sg-08d5b1f7f9eca68f2,SecurityGroup,,
–,ap-northeast-2,rtb-09ad84b4f60c95729,RouteTable,,
–,ap-northeast-1,rtb-081c229ff4fed415d,RouteTable,,
–,sa-east-1,vpc-02133b4b756318929,Vpc,,
–,ap-northeast-2,sg-00ae5f14b216366b8,SecurityGroup,,
–,ap-south-1,vpc-09aa4a087ab0153bc,Vpc,,
–,eu-west-3,vpc-08d122b0a51c5a833,Vpc,,
–,us-west-1,sg-08d8dc9721695d523,SecurityGroup,,
–,sa-east-1,subnet-0063a94da1041b347,Subnet,,
–,sa-east-1,subnet-03d8cf61409b9735d,Subnet,,
–,sa-east-1,subnet-0c82e2c16674d63af,Subnet,,
–,ap-northeast-3,vpc-09a3a73116788d0db,Vpc,,
–,ap-northeast-1,vpc-03192c585fcbc8865,Vpc,,
–,ap-south-1,subnet-05ede0a977f1e6ca2,Subnet,,
–,ap-south-1,subnet-09d56f8c7fa499531,Subnet,,
–,ap-south-1,subnet-075396515f83ab248,Subnet,,
–,ap-northeast-2,vpc-09cf6280950b8e293,Vpc,,
–,ap-southeast-2,sg-03d799b3d0dc5e194,SecurityGroup,,
–,ap-southeast-2,rtb-0e0d8405852aa3bde,RouteTable,,
–,ap-southeast-1,rtb-0966aeed0ef771fe8,RouteTable,,
–,ca-central-1,igw-0c367472a4e437601,InternetGateway,,
–,sa-east-1,rtb-07f18f6f0e500aa28,RouteTable,,
–,ap-southeast-1,subnet-06a2f036185befb04,Subnet,,
–,ap-southeast-1,subnet-0f3459004cd6bf072,Subnet,,
–,ap-southeast-1,subnet-02295f48c08846116,Subnet,,
–,ap-southeast-2,vpc-036270ff796b31263,Vpc,,
–,ap-southeast-2,subnet-02385b329a9b3dd2e,Subnet,,
–,ap-southeast-2,subnet-085afe61b85cd8180,Subnet,,
–,ap-southeast-2,subnet-061e3d41726ac2ce5,Subnet,,
–,ap-northeast-1,subnet-009e3dd463230eb95,Subnet,,
–,ap-northeast-1,subnet-0cd197576699d5bf9,Subnet,,
–,ap-northeast-1,subnet-006785a690fa103fc,Subnet,,
–,us-east-1,igw-05f698b4851d18330,InternetGateway,,
–,us-west-1,igw-041b63092f77c3878,InternetGateway,,
–,sa-east-1,sg-09c1ef3612fa060f0,SecurityGroup,,
–,ap-southeast-1,sg-05976dc739c11352d,SecurityGroup,,
–,us-east-2,igw-067ce9dbf4b7f2ba7,InternetGateway,,
–,us-west-2,igw-0e598308c1f312120,InternetGateway,,
–,ap-northeast-2,subnet-02c58516f42fa382d,Subnet,,
–,ap-northeast-2,subnet-0c3d67779e96588ca,Subnet,,
–,ap-northeast-2,subnet-03293d97192fa12eb,Subnet,,
–,ap-northeast-2,subnet-0543a1516dc8749c8,Subnet,,
–,eu-west-3,igw-0bb5be544e694d9ea,InternetGateway,,
–,eu-central-1,igw-0e0190ad651b29cfb,InternetGateway,,
–,ap-northeast-1,sg-05e662ac3a8c99316,SecurityGroup,,
–,ca-central-1,dopt-05072fd4919596c87,DhcpOptionSet,,
–,eu-west-2,igw-04ab381c788595987,InternetGateway,,
–,eu-west-1,igw-08d3d6151f0f5cf1e,InternetGateway,,
–,eu-north-1,igw-0919ccd0f06a0001e,InternetGateway,,
–,us-east-1,dopt-05f89d48696871d07,DhcpOptionSet,,
–,ap-northeast-3,igw-00f64a92cebf98b7a,InternetGateway,,
–,ap-south-1,sg-0caf57b8741aedc72,SecurityGroup,,
–,ap-southeast-1,vpc-0c000649339356286,Vpc,,
–,us-east-2,dopt-0e9af370c76e50bd2,DhcpOptionSet,,
–,eu-west-3,dopt-032936958dab4fa9a,DhcpOptionSet,,
–,eu-west-2,dopt-04ed65983d880397b,DhcpOptionSet,,
–,ap-northeast-1,igw-02d9dacbc91d0f29a,InternetGateway,,
–,eu-west-1,dopt-023a1c1a11d05660b,DhcpOptionSet,,
–,ap-northeast-2,igw-0a744f6550dc1c38a,InternetGateway,,
–,ap-south-1,igw-029bdab0520d1de4c,InternetGateway,,
–,eu-north-1,dopt-016904933feb8daf8,DhcpOptionSet,,
–,ap-southeast-2,igw-0baf8290206684b1a,InternetGateway,,
–,ap-northeast-3,dopt-0d1078b4e9870e49c,DhcpOptionSet,,
–,sa-east-1,igw-09aba09fc867e375d,InternetGateway,,
–,us-west-1,dopt-09b8e69931c9a767e,DhcpOptionSet,,
–,eu-central-1,dopt-08d2316b2767046a3,DhcpOptionSet,,
–,us-west-2,dopt-0c1e7940934cb3d32,DhcpOptionSet,,
–,ap-southeast-1,igw-0729caa20f3b8265d,InternetGateway,,
–,ca-central-1,pl-0025c936f2aacf048,ManagedPrefixList,,
–,ca-central-1,pl-04a52a40be3e2c193,ManagedPrefixList,,
–,ca-central-1,pl-075a07d1abc7dbe5a,ManagedPrefixList,,
–,ca-central-1,pl-078d6f190f393e7fa,ManagedPrefixList,,
–,ca-central-1,pl-08a6a3685cc410c2d,ManagedPrefixList,,
–,ca-central-1,pl-0beea00ad1821f2ef,ManagedPrefixList,,
–,ca-central-1,pl-0c0fd74227163049a,ManagedPrefixList,,
–,ca-central-1,pl-0d645b6ffc124ccac,ManagedPrefixList,,
–,ca-central-1,pl-38a64351,ManagedPrefixList,,
–,ca-central-1,pl-4ea54027,ManagedPrefixList,,
–,ca-central-1,pl-7da54014,ManagedPrefixList,,
–,ca-central-1,pl-c58560ac,ManagedPrefixList,,
–,ap-southeast-1,dopt-0532180d4e1c7b3f9,DhcpOptionSet,,
–,ap-south-1,dopt-0b5f4ef63b00e9fd0,DhcpOptionSet,,
–,us-east-1,pl-02cd2c6b,ManagedPrefixList,,
–,us-east-1,pl-02d12e369a4312e03,ManagedPrefixList,,
–,us-east-1,pl-05c0959a59362110e,ManagedPrefixList,,
–,us-east-1,pl-062e1d6f8317caab5,ManagedPrefixList,,
–,us-east-1,pl-073555187c4e6ccf2,ManagedPrefixList,,
–,us-east-1,pl-07cbd8b5e26960eac,ManagedPrefixList,,
–,us-east-1,pl-09f90e410b133fe9f,ManagedPrefixList,,
–,us-east-1,pl-0e4bcff02b13bef1e,ManagedPrefixList,,
–,us-east-1,pl-0e5696d987d033653,ManagedPrefixList,,
–,us-east-1,pl-2c698745,ManagedPrefixList,,
–,us-east-1,pl-3b927c52,ManagedPrefixList,,
–,us-east-1,pl-480ee021,ManagedPrefixList,,
–,us-east-1,pl-63a5400a,ManagedPrefixList,,
–,us-east-1,pl-d928c6b0,ManagedPrefixList,,
–,us-east-1,pl-da1df3b3,ManagedPrefixList,,
–,us-east-2,pl-024ce7d4371b683a9,ManagedPrefixList,,
–,us-east-2,pl-035da5473f4b423a4,ManagedPrefixList,,
–,us-east-2,pl-03915406641cb1f53,ManagedPrefixList,,
–,us-east-2,pl-071b02a85c8cf8729,ManagedPrefixList,,
–,us-east-2,pl-079a97b94f32e4ee7,ManagedPrefixList,,
–,us-east-2,pl-087f83ba4f34e3bea,ManagedPrefixList,,
–,us-east-2,pl-090d236323d6dc5d9,ManagedPrefixList,,
–,us-east-2,pl-0a29265a06ed0e2f4,ManagedPrefixList,,
–,us-east-2,pl-4ca54025,ManagedPrefixList,,
–,us-east-2,pl-4ef61327,ManagedPrefixList,,
–,us-east-2,pl-7ba54012,ManagedPrefixList,,
–,us-east-2,pl-b428cddd,ManagedPrefixList,,
–,us-east-2,pl-b6a144df,ManagedPrefixList,,
–,us-east-2,pl-dd6782b4,ManagedPrefixList,,
–,us-east-2,pl-f53cd99c,ManagedPrefixList,,
–,us-west-1,pl-00681cfc4af1034e0,ManagedPrefixList,,
–,us-west-1,pl-0100d31638d9d3604,ManagedPrefixList,,
–,us-west-1,pl-06dd7c6e345937257,ManagedPrefixList,,
–,us-west-1,pl-07e48edfbf08bacf1,ManagedPrefixList,,
–,us-west-1,pl-0ddaf0b3d939cce0f,ManagedPrefixList,,
–,us-west-1,pl-0de8136a37cbef6b8,ManagedPrefixList,,
–,us-west-1,pl-0e10dc8019e3c0a32,ManagedPrefixList,,
–,us-west-1,pl-0e99958a47b22d6ab,ManagedPrefixList,,
–,us-west-1,pl-4ea04527,ManagedPrefixList,,
–,us-west-1,pl-6ba54002,ManagedPrefixList,,
–,us-west-1,pl-6ea54007,ManagedPrefixList,,
–,us-west-1,pl-adb356c4,ManagedPrefixList,,
–,us-west-1,pl-b3b752da,ManagedPrefixList,,
–,ap-northeast-2,dopt-08024c92e00864942,DhcpOptionSet,,
–,us-west-2,pl-0068613c321dee54b,ManagedPrefixList,,
–,us-west-2,pl-00a54069,ManagedPrefixList,,
–,us-west-2,pl-00bf361b333242028,ManagedPrefixList,,
–,us-west-2,pl-047d464325e7bf465,ManagedPrefixList,,
–,us-west-2,pl-0721453c7ac4ec009,ManagedPrefixList,,
–,us-west-2,pl-07f8c64944f5dc195,ManagedPrefixList,,
–,us-west-2,pl-09303cf8136420840,ManagedPrefixList,,
–,us-west-2,pl-0cbf975b710a608ea,ManagedPrefixList,,
–,us-west-2,pl-0cc36273da754ebdc,ManagedPrefixList,,
–,us-west-2,pl-14bc597d,ManagedPrefixList,,
–,us-west-2,pl-2f866346,ManagedPrefixList,,
–,us-west-2,pl-35ba5f5c,ManagedPrefixList,,
–,us-west-2,pl-38846151,ManagedPrefixList,,
–,us-west-2,pl-68a54001,ManagedPrefixList,,
–,us-west-2,pl-82a045eb,ManagedPrefixList,,
–,eu-west-2,pl-05cadb937455b8b91,ManagedPrefixList,,
–,eu-west-2,pl-067eefa539e593d55,ManagedPrefixList,,
–,eu-west-2,pl-082b2916fa6d7b4b7,ManagedPrefixList,,
–,eu-west-2,pl-0b5bdb82abb4bd9f5,ManagedPrefixList,,
–,eu-west-2,pl-0bf616f91f5463e58,ManagedPrefixList,,
–,eu-west-2,pl-0c3d600e9481d5e46,ManagedPrefixList,,
–,eu-west-2,pl-0d7c235a121ad5fd1,ManagedPrefixList,,
–,eu-west-2,pl-0f8cdc7e2b7903425,ManagedPrefixList,,
–,eu-west-2,pl-7ca54015,ManagedPrefixList,,
–,eu-west-2,pl-93a247fa,ManagedPrefixList,,
–,eu-west-2,pl-b3a742da,ManagedPrefixList,,
–,eu-west-2,pl-cdb257a4,ManagedPrefixList,,
–,eu-west-3,pl-008035c4e147f168f,ManagedPrefixList,,
–,eu-west-3,pl-02e3d46ded3c2660d,ManagedPrefixList,,
–,eu-west-3,pl-03274d152e8c8a50e,ManagedPrefixList,,
–,eu-west-3,pl-06d246df64d68cb0a,ManagedPrefixList,,
–,eu-west-3,pl-0844ea0e857ef6ce0,ManagedPrefixList,,
–,eu-west-3,pl-0d98a20ad30aca6e7,ManagedPrefixList,,
–,eu-west-3,pl-0f2a97ab210dbbae1,ManagedPrefixList,,
–,eu-west-3,pl-0fffe744baac80530,ManagedPrefixList,,
–,eu-west-3,pl-23ad484a,ManagedPrefixList,,
–,eu-west-3,pl-75b1541c,ManagedPrefixList,,
–,eu-west-3,pl-abb451c2,ManagedPrefixList,,
–,eu-west-3,pl-ed8a6f84,ManagedPrefixList,,
–,ca-central-1,acl-0d66bed20642558c7,NetworkAcl,,
–,eu-central-1,pl-00614718e12b273bb,ManagedPrefixList,,
–,eu-central-1,pl-03384955215625250,ManagedPrefixList,,
–,eu-central-1,pl-03743f81267c0a85e,ManagedPrefixList,,
–,eu-central-1,pl-03be024c5963cee10,ManagedPrefixList,,
–,eu-central-1,pl-059d8786dae17d9ec,ManagedPrefixList,,
–,eu-central-1,pl-0624f1d638a3e93df,ManagedPrefixList,,
–,eu-central-1,pl-08d9db512f7ada124,ManagedPrefixList,,
–,eu-central-1,pl-0fe2d6a81aa341e4f,ManagedPrefixList,,
–,eu-central-1,pl-3de20754,ManagedPrefixList,,
–,eu-central-1,pl-66a5400f,ManagedPrefixList,,
–,eu-central-1,pl-a3a144ca,ManagedPrefixList,,
–,eu-north-1,pl-033e44023025215c0,ManagedPrefixList,,
–,eu-north-1,pl-0377db02afc56729d,ManagedPrefixList,,
–,eu-north-1,pl-04769b5e3211fcd46,ManagedPrefixList,,
–,eu-north-1,pl-05de9757262c679ba,ManagedPrefixList,,
–,eu-north-1,pl-05ed086c,ManagedPrefixList,,
–,eu-north-1,pl-0b63e1e2e12cd57b3,ManagedPrefixList,,
–,eu-north-1,pl-0bd77a95ba8e317a6,ManagedPrefixList,,
–,eu-north-1,pl-0cfb24212614905ca,ManagedPrefixList,,
–,eu-north-1,pl-0e9c3ed9a9957ecc3,ManagedPrefixList,,
–,eu-north-1,pl-4d15f024,ManagedPrefixList,,
–,eu-north-1,pl-682cc901,ManagedPrefixList,,
–,eu-north-1,pl-adae4bc4,ManagedPrefixList,,
–,eu-north-1,pl-c3aa4faa,ManagedPrefixList,,
–,eu-north-1,pl-fab65393,ManagedPrefixList,,
–,eu-west-1,pl-010bae2278f1a872d,ManagedPrefixList,,
–,eu-west-1,pl-03fa6b266557b0d4f,ManagedPrefixList,,
–,eu-west-1,pl-043e576ae071614c6,ManagedPrefixList,,
–,eu-west-1,pl-0839cc4c195a4e751,ManagedPrefixList,,
–,eu-west-1,pl-09aafc9654af00b9f,ManagedPrefixList,,
–,eu-west-1,pl-0a482994893fdb5a8,ManagedPrefixList,,
–,eu-west-1,pl-0bb61442d9cd92224,ManagedPrefixList,,
–,eu-west-1,pl-0d60f5d0954244d7f,ManagedPrefixList,,
–,eu-west-1,pl-40977229,ManagedPrefixList,,
–,eu-west-1,pl-4fa04526,ManagedPrefixList,,
–,eu-west-1,pl-6da54004,ManagedPrefixList,,
–,ap-southeast-1,pl-6fa54006,ManagedPrefixList,,
–,eu-west-1,pl-949c79fd,ManagedPrefixList,,
–,eu-west-1,pl-d0bd58b9,ManagedPrefixList,,
–,ap-northeast-1,dopt-0992c71b579b0df32,DhcpOptionSet,,
–,sa-east-1,dopt-0f42ac80ccc05866f,DhcpOptionSet,,
–,us-west-1,acl-0adf65257bb27813f,NetworkAcl,,
–,us-west-2,acl-07ce3272e147fe9cd,NetworkAcl,,
–,ap-northeast-3,pl-0069e754cdfc553c4,ManagedPrefixList,,
–,ap-northeast-3,pl-04983e181be8944e7,ManagedPrefixList,,
–,ap-northeast-3,pl-04e68c40b871c8e6b,ManagedPrefixList,,
–,ap-northeast-3,pl-064c06aa11bcb2f0c,ManagedPrefixList,,
–,ap-northeast-3,pl-07f2461c1e98ac341,ManagedPrefixList,,
–,ap-northeast-3,pl-086543b458dc7add9,ManagedPrefixList,,
–,ap-northeast-3,pl-08a1be47933f873ab,ManagedPrefixList,,
–,ap-northeast-3,pl-0954453c3fbcdd8a5,ManagedPrefixList,,
–,ap-northeast-3,pl-31a14458,ManagedPrefixList,,
–,ap-northeast-3,pl-47a6432e,ManagedPrefixList,,
–,ap-northeast-3,pl-71b55018,ManagedPrefixList,,
–,ap-northeast-3,pl-a4a540cd,ManagedPrefixList,,
–,ap-southeast-2,dopt-03157516da6f36fa3,DhcpOptionSet,,
–,eu-north-1,acl-066c2c08dc64cb8b1,NetworkAcl,,
–,us-east-1,acl-01c9a4a7cffad7c5f,NetworkAcl,,
–,eu-central-1,acl-04e4543fc4bc4a7e7,NetworkAcl,,
–,eu-west-3,acl-0cf337a5900c6c461,NetworkAcl,,
–,eu-west-2,acl-01bd750641008ba4e,NetworkAcl,,
–,ap-south-1,pl-0081dd30a0b7c6e7a,ManagedPrefixList,,
–,ap-south-1,pl-029b73ad1ccf6fe97,ManagedPrefixList,,
–,ap-south-1,pl-0419ec9f6f614c525,ManagedPrefixList,,
–,ap-south-1,pl-056070096acc3b3ed,ManagedPrefixList,,
–,ap-south-1,pl-09404d738b5d5414c,ManagedPrefixList,,
–,ap-south-1,pl-0a8aa53c1986bfb45,ManagedPrefixList,,
–,ap-south-1,pl-0b90cb0be8b582cc7,ManagedPrefixList,,
–,ap-south-1,pl-0eeb0e67,ManagedPrefixList,,
–,ap-south-1,pl-0fa83cebf909345ca,ManagedPrefixList,,
–,ap-south-1,pl-66a7420f,ManagedPrefixList,,
–,ap-south-1,pl-78a54011,ManagedPrefixList,,
–,ap-south-1,pl-9aa247f3,ManagedPrefixList,,
–,ap-south-1,pl-cbd431a2,ManagedPrefixList,,
–,ap-south-1,pl-d33fdaba,ManagedPrefixList,,
–,eu-west-1,acl-02982b7dbb1bbb160,NetworkAcl,,
–,ap-northeast-1,pl-012493c5f82b88e8e,ManagedPrefixList,,
–,ap-northeast-1,pl-0596057d86614af83,ManagedPrefixList,,
–,ap-northeast-1,pl-088f6a61,ManagedPrefixList,,
–,ap-northeast-1,pl-08d491d20eebc3b95,ManagedPrefixList,,
–,ap-northeast-1,pl-0b03d185a97164807,ManagedPrefixList,,
–,ap-northeast-1,pl-0c06554ceeafd8c94,ManagedPrefixList,,
–,ap-northeast-1,pl-0dd4d3c04caa6bd24,ManagedPrefixList,,
–,ap-northeast-1,pl-0e9bca5093b8dd7b8,ManagedPrefixList,,
–,ap-northeast-1,pl-0f28cd4a128e7b13a,ManagedPrefixList,,
–,ap-northeast-1,pl-58a04531,ManagedPrefixList,,
–,ap-northeast-1,pl-61a54008,ManagedPrefixList,,
–,ap-northeast-1,pl-d9ec09b0,ManagedPrefixList,,
–,sa-east-1,pl-00432d7a935a1ed6a,ManagedPrefixList,,
–,sa-east-1,pl-0051b342e8bc54805,ManagedPrefixList,,
–,sa-east-1,pl-029debe66aa9d13b3,ManagedPrefixList,,
–,sa-east-1,pl-056ce410ec9953f2f,ManagedPrefixList,,
–,sa-east-1,pl-05dd85afd40d6181a,ManagedPrefixList,,
–,sa-east-1,pl-08f3b623edaef7407,ManagedPrefixList,,
–,sa-east-1,pl-098248765e9effc20,ManagedPrefixList,,
–,sa-east-1,pl-0b1d1d5f85cda77da,ManagedPrefixList,,
–,sa-east-1,pl-5da64334,ManagedPrefixList,,
–,sa-east-1,pl-60a54009,ManagedPrefixList,,
–,sa-east-1,pl-6aa54003,ManagedPrefixList,,
–,sa-east-1,pl-b8b154d1,ManagedPrefixList,,
–,ap-northeast-2,pl-00ec8fd779e5b4175,ManagedPrefixList,,
–,ap-northeast-2,pl-055e7992f0c5b0839,ManagedPrefixList,,
–,ap-northeast-2,pl-059b3e0b02af70e4d,ManagedPrefixList,,
–,ap-northeast-2,pl-068f6a6f,ManagedPrefixList,,
–,ap-northeast-2,pl-06da045b37607c8a5,ManagedPrefixList,,
–,us-east-2,acl-0f1688ec1f1837711,NetworkAcl,,
–,ap-northeast-2,pl-075e2b43f16f625b8,ManagedPrefixList,,
–,ap-northeast-2,pl-07ac407da2b364d6c,ManagedPrefixList,,
–,ap-northeast-2,pl-0a68795a608c119db,ManagedPrefixList,,
–,ap-northeast-2,pl-0cd842b438fee3b4b,ManagedPrefixList,,
–,ap-northeast-2,pl-22a6434b,ManagedPrefixList,,
–,ap-northeast-2,pl-48a54021,ManagedPrefixList,,
–,ap-northeast-3,acl-04f2668eb060a52dc,NetworkAcl,,
–,sa-east-1,acl-0a9117855ebb0ded6,NetworkAcl,,
–,ap-southeast-2,pl-031949a747cc0869f,ManagedPrefixList,,
–,ap-southeast-2,pl-033521892361c13a7,ManagedPrefixList,,
–,ap-southeast-2,pl-0893b56c16019f7d8,ManagedPrefixList,,
–,ap-southeast-2,pl-08c8dbfdeb99a899b,ManagedPrefixList,,
–,ap-southeast-2,pl-08d24302b8c4d2b73,ManagedPrefixList,,
–,ap-southeast-2,pl-0b18cbe76f13b2ad0,ManagedPrefixList,,
–,ap-southeast-2,pl-0c711dc34c6f2a9d0,ManagedPrefixList,,
–,ap-southeast-2,pl-0e1bc5673b8a57acc,ManagedPrefixList,,
–,ap-southeast-2,pl-31bd5858,ManagedPrefixList,,
–,ap-southeast-2,pl-62a5400b,ManagedPrefixList,,
–,ap-southeast-2,pl-6ca54005,ManagedPrefixList,,
–,ap-southeast-2,pl-b8a742d1,ManagedPrefixList,,
–,ap-northeast-1,acl-09b80a85a9e143d6e,NetworkAcl,,
–,ap-southeast-1,pl-000f9420a91cfc3b6,ManagedPrefixList,,
–,ap-southeast-1,pl-01d3075872a82bb3f,ManagedPrefixList,,
–,ap-southeast-1,pl-02d26f62e3b1ed532,ManagedPrefixList,,
–,ap-southeast-1,pl-0637af5e52c24fd2f,ManagedPrefixList,,
–,ap-southeast-1,pl-073f7512b7b9a2450,ManagedPrefixList,,
–,ap-southeast-1,pl-0d9b804fe014a6a99,ManagedPrefixList,,
–,ap-southeast-1,pl-0e857c10abacabc80,ManagedPrefixList,,
–,ap-southeast-1,pl-0e8ed7acb7d632222,ManagedPrefixList,,
–,ap-southeast-1,pl-31a34658,ManagedPrefixList,,
–,ap-southeast-1,pl-4d987d24,ManagedPrefixList,,
–,ap-southeast-1,pl-67a5400e,ManagedPrefixList,,
–,ap-southeast-1,pl-c08065a9,ManagedPrefixList,,
–,ap-south-1,acl-0a38c3ba5b8fbece1,NetworkAcl,,
–,ap-northeast-2,acl-0874ace3454f966fe,NetworkAcl,,
–,ap-southeast-1,acl-0d0f5abb76102a6a0,NetworkAcl,,
–,ap-southeast-2,acl-009a26511fbe3d376,NetworkAcl,,
–,us-east-1,eni-04d565856e96ca205,NetworkInterface,,
–,us-east-1,eni-08a67f9cc398c172a,NetworkInterface,,
–,us-east-1,eni-0455e5c24842db42f,NetworkInterface,,
takeout-db-instance,us-east-1,takeout-db-instance,DBInstance,,